Workbook

Sheet Pipeline
A1: NO | B1: Origin (FDI/DI) | C1: Company Name | D1: Sector | E1: Lead Type | F1: Stage | G1: Origin | H1: Required/allocated factory size sqm | I1: Estimated employment at full capacity | J1: Target Estate
A2: 1 | B2: FDI | C2: Jonsson Workwear - Project Lesedi | D2: Garments | E2: Expansion | F2: Negotiation | G2: RSA | H2: 30000 | I2: 1000 | J2: Maputsoe
A3: 2 | B3: FDI | C3: Crabtree Lesotho (Pty) Ltd | D3: Electrical components | E3: Expansion | F3: Negotiation | G3: England | H3: 1000 | I3: 350 | J3: Maseru
A4: 3 | B4: FDI | C4: Basotho Leisure Wear/ TradeLink | D4: Garments | E4: Expansion | F4: Completed | G4: South Africa | H4: 10000 | I4: 1200 | J4: Belo
A5: 4 | B5: FDI | C5: ZFC LIMITED | D5: Agro Processing | E5: New | F5: Negotiation | G5: Zimbabwe | H5: TBD | I5: 0 | J5: Belo
A6: 5 | B6: DI | C6: Pema Holdings | D6: Light manufacturing | E6: New | F6: Completed | G6: Lesotho | H6: 1000 | I6: 50 | J6: Maseru
A7: 6 | B7: FDI | C7: Unity T/A Headwear24 | D7: Garments | E7: New | F7: Completed | G7: RSA | H7: 3000 | I7: 300 | J7: Tikoe
A8: 7 | B8: FDI | C8: Novita shoes | D8: Footwear | E8: New | F8: Appraisal | G8: RSA | H8: 2000 | I8: 250 | J8: Belo
A9: 8 | B9: DI | C9: Royalty Alunimium (Pty) Ltd | D9: Light manufacturing | E9: New | F9: Completed | G9: Lesotho | H9: 3000 | I9: 400 | J9: Thetsane
A10: 9 | B10: DI | C10: Mountain Kingdom Drops | D10: Water Bottling | E10: New | F10: Appraisal | G10: Lesotho | H10: 500 | I10: 27 | J10: Tikoe
A11: 10 | B11: FDI | C11: Liberation clothing | D11: Garments | E11: Expansion | F11: Negotiation | G11: RSA | H11: 2000 | I11: 350 | J11: Tikoe
A12: 11 | B12: DI | C12: MG commodities | D12: Agro Processing | E12: Expansion | F12: Completed | G12: Lesotho | H12: 1000 | I12: 80 | J12: Tikoe
A13: 12 | B13: FDI | C13: ROVD Lesotho (Pty) Ltd | D13: Automotive | E13: New | F13: Completed | G13: South Africa | H13: 2000 | I13: 70 | J13: Tikoe
A14: 13 | B14: FDI | C14: TSH Manufacturing (Pty) Ltd | D14: Garments | E14: New | F14: Completed | G14: South Africa | H14: 2000 | I14: 100 | J14: Maputsoe
A15: 14 | B15: DI | C15: Cosmetics Hub | D15: Agro Processing | E15: New | F15: Negotiation | G15: Lesotho | H15: 500 | I15: 100 | J15: Tikoe
A16: 15 | B16: DI | C16: Spices & Herbs Hub | D16: Agro Processing | E16: New | F16: Negotiation | G16: Lesotho | H16: 500 | I16: 100 | J16: Tikoe
A17: 16 | B17: FDI | C17: Bokamoso Impact investments | D17: Agro Processing | E17: New | F17: Appraisal | G17: South- Africa | H17: N/A | I17: 100 | J17: N/A
A18: 17 | B18: FDI | C18: Tradeline Corperation | D18: Agro Processing | E18: New | F18: Appraisal | G18: Malawi | H18: 1000 | I18: 100 | J18: M/Hoek | N18: 6077
A19: 18 | B19: FDI | C19: DGK manufacturing | D19: Garments | E19: New | F19: Completed | G19: South Africa | H19: 2000 | I19: 100 | J19: Tikoe | N19: =SUM(I6:I19) -> 2127
A20: 19 | B20: FDI | C20: Lucky Manufacturing Expansion | D20: Garments | E20: Expansion | F20: Completed | G20: China | H20: 2000 | I20: 400 | J20: Tikoe | M20: =SUM(I2:I22) -> 5877
A21: 20 | B21: FDI | C21: Leo Garments | D21: Garments | E21: Expansion | F21: Completed | G21: China | H21: 1000 | I21: 200 | J21: Tikoe
A22: 21 | B22: FDI | C22: Booming Lai | D22: Garments | E22: Expansion | F22: Completed | G22: China | H22: 2000 | I22: 600 | J22: Tikoe | M22: =SUM(I2:I22) -> 5877
A23: 22 | B23: FDI | C23: Sail Start | D23: Garments | E23: New | F23: Implementation | G23: South Africa | H23: 3000 | I23: 500 | J23: Tikoe | M23: =SUM(I3:I23) -> 5377
A24: 23 | B24: FDI | C24: Joans Enterprise | D24: Garments | E24: Expansion | F24: Implementation | G24: South Africa | H24: 10000 | I24: 1000 | J24: Tikoe | M24: =SUM(I4:I24) -> 6027
A25: 24 | B25: FDI | C25: Lesotho Hanma Clothing Co. Ltd | D25: Garments | E25: New | F25: Appraisal | G25: China | H25: 7000 | I25: 1000 | J25: Tikoe
A26: 25 | B26: FDI | C26: Blaze Leather | D26: Leather Bags | E26: New | F26: Negotiation | G26: South Africa | H26: 5000 | I26: 2000 | J26: Belo
A27: 26 | B27: FDI | C27: Quandrad Link | D27: Apparel | E27: New | F27: Appraisal | G27: South Africa | H27: 3000 | I27: 400 | J27: Tikoe
O103: =N18+N19 -> 8204

Sheet Sheet3

Sheet Stage-Employment Dashboard
A1: Stage | B1: Count of Stage | C1: Sum of Estimated Employment at Full Capacity | N1: Stage | O1: Est. Employment
A2: Negotiation | B2: =COUNTIF(Pipeline!$F$2:$F$103,A2&"*") -> 7 | C2: =SUMIF(Pipeline!$F$2:$F$103,A2&"*",Pipeline!$I$2:$I$103) -> 3900 | N2: =A2 -> Negotiation | O2: =C2 -> 3900
A3: Appraisal | B3: =COUNTIF(Pipeline!$F$2:$F$103,A3&"*") -> 6 | C3: =SUMIF(Pipeline!$F$2:$F$103,A3&"*",Pipeline!$I$2:$I$103) -> 1877 | N3: =A3 -> Appraisal | O3: =C3 -> 1877
A4: Completed | B4: =COUNTIF(Pipeline!$F$2:$F$103,A4&"*") -> 11 | C4: =SUMIF(Pipeline!$F$2:$F$103,A4&"*",Pipeline!$I$2:$I$103) -> 3500 | N4: =A4 -> Completed | O4: =C4 -> 3500
A5: Implementation | B5: =COUNTIF(Pipeline!$F$2:$F$103,A5&"*") -> 2 | C5: =SUMIF(Pipeline!$F$2:$F$103,A5&"*",Pipeline!$I$2:$I$103) -> 1500 | N5: =A5 -> Implementation | O5: =C5 -> 1500
A6: Shelved | B6: =COUNTIF(Pipeline!$F$2:$F$103,A6&"*") -> 0 | C6: =SUMIF(Pipeline!$F$2:$F$103,A6&"*",Pipeline!$I$2:$I$103) -> 0 | N6: =A6 -> Shelved | O6: =C6 -> 0
A7: Grand Total | B7: =SUM(B2:B6) -> 26 | C7: =SUM(C2:C6) -> 10777

Sheet Sector-Employment Dashboard
A1: Sector | B1: Count of Companies | C1: Estimated Employment at Full Capacity | N1: Sector | O1: Estimated Employment at Full Capacity
A2: Garments | B2: =COUNTIF(Pipeline!$D$2:$D$75,A2&"*") -> 12 | C2: =SUMIF(Pipeline!$D$2:$D$75,A2&"*",Pipeline!$I$2:$I$103) -> 6750 | N2: =A2 -> Garments | O2: =C2 -> 6750
A3: Agro Processing | B3: =COUNTIF(Pipeline!$D$2:$D$75,A3&"*") -> 6 | C3: =SUMIF(Pipeline!$D$2:$D$75,A3&"*",Pipeline!$I$2:$I$103) -> 480 | N3: =A3 -> Agro Processing | O3: =C3 -> 480
A4: Light manufacturing | B4: =COUNTIF(Pipeline!$D$2:$D$75,A4&"*") -> 2 | C4: =SUMIF(Pipeline!$D$2:$D$75,A4&"*",Pipeline!$I$2:$I$103) -> 450 | N4: =A4 -> Light manufacturing | O4: =C4 -> 450
A5: Automotive | B5: =COUNTIF(Pipeline!$D$2:$D$75,A5&"*") -> 1 | C5: =SUMIF(Pipeline!$D$2:$D$75,A5&"*",Pipeline!$I$2:$I$103) -> 70 | N5: =A5 -> Automotive | O5: =C5 -> 70
A6: Footwear | B6: =COUNTIF(Pipeline!$D$2:$D$75,A6&"*") -> 1 | C6: =SUMIF(Pipeline!$D$2:$D$75,A6&"*",Pipeline!$I$2:$I$103) -> 250 | N6: =A6 -> Footwear | O6: =C6 -> 250
A7: Water Bottling | B7: =COUNTIF(Pipeline!$D$2:$D$75,A7&"*") -> 1 | C7: =SUMIF(Pipeline!$D$2:$D$75,A7&"*",Pipeline!$I$2:$I$103) -> 27 | N7: =A7 -> Water Bottling | O7: =C7 -> 27
A8: Electrical components | B8: =COUNTIF(Pipeline!$D$2:$D$75,A8&"*") -> 1 | C8: =SUMIF(Pipeline!$D$2:$D$75,A8&"*",Pipeline!$I$2:$I$103) -> 350 | N8: =A8 -> Electrical components | O8: =C8 -> 350
A9: Grand Total | B9: =SUM(B2:B8) -> 24 | C9: =SUM(C2:C8) -> 8377

Sheet NewInvest
A1: NO | B1: Origin (FDI/DI) | C1: Company Name | D1: Sector | E1: Lead Type | F1: Stage | G1: Origin | H1: Province | I1: Required/allocated factory size sqm | J1: Estimated employment at full capacity | K1: Target Estate
A2: 1 | B2: FDI | C2: Unity T/A Headwear24 | D2: Garments | E2: New | F2: Completed | G2: South Africa | H2: Kwazulu Natal | I2: 3000 | J2: 300 | K2: Tikoe
A3: 2 | B3: FDI | C3: Novita shoes | D3: Footwear | E3: New | F3: Completed | G3: South Africa | H3: Kwazulu Natal | I3: 2000 | J3: 250 | K3: Belo
A4: 3 | B4: FDI | C4: ROVD Lesotho (Pty) Ltd | D4: Automotive | E4: New | F4: Completed | G4: South Africa | H4: Eastern Cape | I4: 2000 | J4: 70 | K4: Tikoe
A5: 4 | B5: FDI | C5: TSH Manufacturing (Pty) Ltd | D5: Garments | E5: New | F5: Shelved | G5: South Africa | H5: Gauteng | I5: 2000 | J5: 100 | K5: Maputsoe
A6: 5 | B6: FDI | C6: Bokamoso Impact investments | D6: Agro Processing | E6: New | F6: Appraisal | G6: South- Africa | H6: South Africa | I6: N/A | J6: 100 | K6: N/A
A7: 6 | B7: FDI | C7: Tradeline Corperation | D7: Agro Processing | E7: New | F7: Appraisal | G7: Malawi | H7: Malawi | I7: 1000 | J7: 100 | K7: M/Hoek
A8: 7 | B8: FDI | C8: DGK manufacturing | D8: Garments | E8: New | F8: Appraisal | G8: South Africa | H8: Kwazulu Natal | I8: 2000 | J8: 100 | K8: Tikoe
A9: 8 | B9: FDI | C9: Lesotho Hanma Clothing Co. Ltd(jiama) | D9: Garments | E9: New | F9: Negotiation | G9: China | H9: China | I9: 7000 | J9: 1000 | K9: Tikoe
A10: 9 | B10: FDI | C10: Quandrad Link | D10: Apparel | E10: New | F10: Appraisal | G10: South Africa | H10: KwaZulu Natal | I10: 3000 | J10: 400 | K10: Tikoe
A11: 10 | B11: FDI&DI | C11: Cannabis Oil Lesotho | D11: Agric & Agro Processing | E11: New | F11: Completed | G11: Macedonia | H11: Macedonia | I11: 100 | J11: 500 | K11: Masianokeng Cannery
A12: 11 | B12: FDI | C12: Trinity Clothing Manufacturing | D12: Garments | E12: New | F12: Appraisal | G12: South Africa | H12: Kwazulu-Natal | I12: 3000 | J12: 1000 | K12: Maputsoe
A13: 12 | B13: FDI | C13: QBO Trading | D13: Garments | E13: New | F13: Appraisal | G13: South Africa | H13: Kwazulu-Natal | I13: 3000 | J13: 1000 | K13: Maseru
A14: 13 | B14: FDI | C14: Vine Apparel | D14: Garments | E14: New | F14: Appraisal | G14: South Africa | H14: Kwazulu-Natal | I14: 1000 | J14: 100 | K14: Maputsoe
A15: 14 | B15: FDI | C15: Khan & Min Trading | D15: Garments | E15: New | F15: Appraisal | G15: South Africa | H15: Kwazulu-Natal | I15: 1000 | J15: 100 | K15: Maputsoe
A16: 15 | B16: FDI | C16: DGK manufacturing | D16: Garments | E16: New | F16: Appraisal | G16: South Africa | H16: Kwazulu-Natal | I16: 2000 | J16: 100 | K16: Maseru
A17: Total | J17: 5220
A20: Country | B20: Company
A21: SA | B21: 12
A22: Malawi | B22: 1
A23: China(Madagascar) | B23: 1
A24: Macedonia | B24: 1
A25: Total | B25: 15

Sheet Estate Dashboard
A1: Target Estate | B1: Count of Companies | C1: Estimated Employment at Full Capacity | N1: Target Estate | O1: Est. Employment at Full Capacity
A2: Tikoe | B2: =COUNTIF(Pipeline!$J$2:$J$103,A2&"*") -> 15 | C2: =SUMIF(Pipeline!$J$2:$J$103,A2&"*",Pipeline!$I$2:$I$103) -> 5227 | N2: =A2 -> Tikoe | O2: =C2 -> 5227
A3: Belo | B3: =COUNTIF(Pipeline!$J$2:$J$103,A3&"*") -> 4 | C3: =SUMIF(Pipeline!$J$2:$J$103,A3&"*",Pipeline!$I$2:$I$103) -> 3450 | N3: =A3 -> Belo | O3: =C3 -> 3450
A4: Maputsoe | B4: =COUNTIF(Pipeline!$J$2:$J$103,A4&"*") -> 2 | C4: =SUMIF(Pipeline!$J$2:$J$103,A4&"*",Pipeline!$I$2:$I$103) -> 1100 | N4: =A4 -> Maputsoe | O4: =C4 -> 1100
A5: Maseru | B5: =COUNTIF(Pipeline!$J$2:$J$103,A5&"*") -> 2 | C5: =SUMIF(Pipeline!$J$2:$J$103,A5&"*",Pipeline!$I$2:$I$103) -> 400 | N5: =A5 -> Maseru | O5: =C5 -> 400
A6: Thetsane | B6: =COUNTIF(Pipeline!$J$2:$J$103,A6&"*") -> 1 | C6: =SUMIF(Pipeline!$J$2:$J$103,A6&"*",Pipeline!$I$2:$I$103) -> 400 | N6: =A6 -> Thetsane | O6: =C6 -> 400
A7: M/Hoek | B7: =COUNTIF(Pipeline!$J$2:$J$103,A7&"*") -> 1 | C7: =SUMIF(Pipeline!$J$2:$J$103,A7&"*",Pipeline!$I$2:$I$103) -> 100 | N7: =A7 -> M/Hoek | O7: =C7 -> 100
A8: N/A | B8: =COUNTIF(Pipeline!$J$2:$J$103,A8&"*") -> 1 | C8: =SUMIF(Pipeline!$J$2:$J$103,A8&"*",Pipeline!$I$2:$I$103) -> 100 | N8: =A8 -> N/A | O8: =C8 -> 100
A9: Grand Total | B9: =SUM(B2:B8) -> 26 | C9: =SUM(C2:C8) -> 10777

Sheet (Exp & New)
A1: NO | B1: Origin (FDI/DI) | C1: Company Name | D1: Sector | E1: Lead Type | F1: Stage | G1: Origin | H1: Required/allocated factory size sqm | I1: Estimated employment at full capacity | J1: Target Estate
A2: 1 | B2: FDI | C2: Jonsson Workwear - Project Lesedi | D2: Garments | E2: Expansion | F2: Negotiation | G2: RSA | H2: 30000 | I2: 1000 | J2: Maputsoe
A3: 2 | B3: FDI | C3: Crabtree Lesotho (Pty) Ltd | D3: Electrical components | E3: Expansion | F3: Implementation | G3: England | H3: 1000 | I3: 150 | J3: Belo
A4: 3 | B4: FDI | C4: Adient | D4: Automotive | E4: Expansion | F4: Completed | G4: South Africa | H4: 3000 | I4: 400 | J4: Tikoe
A5: 4 | B5: FDI | C5: Basotho Leisure Wear/ TradeLink | D5: Garments | E5: Expansion | F5: Completed | G5: South Africa | H5: 10000 | I5: 1200 | J5: Belo
A6: 5 | B6: FDI | C6: ZFC LIMITED | D6: Agro Processing | E6: New | F6: Negotiation | G6: Zimbabwe | H6: TBD | I6: 0 | J6: Belo
A7: 6 | B7: FDI | C7: Unity T/A Headwear24 | D7: Garments | E7: New | F7: Completed | G7: RSA | H7: 3000 | I7: 300 | J7: Tikoe
A8: 7 | B8: FDI | C8: Novita shoes | D8: Footwear | E8: New | F8: Appraisal | G8: RSA | H8: 2000 | I8: 250 | J8: Belo
A9: 8 | B9: FDI | C9: Liberation clothing | D9: Garments | E9: Expansion | F9: Negotiation | G9: RSA | H9: 2000 | I9: 350 | J9: Tikoe
A10: 9 | B10: FDI | C10: ROVD Lesotho (Pty) Ltd | D10: Automotive | E10: New | F10: Completed | G10: South Africa | H10: 2000 | I10: 70 | J10: Tikoe
A11: 10 | B11: FDI | C11: TSH Manufacturing (Pty) Ltd | D11: Garments | E11: New | F11: Shelved | G11: South Africa | H11: 2000 | I11: 100 | J11: Maputsoe
A12: 11 | B12: FDI | C12: Bokamoso Impact investments | D12: Agro Processing | E12: New | F12: Appraisal | G12: South- Africa | H12: N/A | I12: 100 | J12: N/A
A13: 12 | B13: FDI | C13: Tradeline Corperation | D13: Agro Processing | E13: New | F13: Appraisal | G13: Malawi | H13: 1000 | I13: 100 | J13: M/Hoek
A14: 13 | B14: FDI | C14: DGK manufacturing | D14: Garments | E14: New | F14: Appraisal | G14: South Africa | H14: 2000 | I14: 100 | J14: Tikoe
A15: 14 | B15: FDI | C15: Lucky Manufacturing Expansion | D15: Garments | E15: Expansion | F15: Completed | G15: China | H15: 2000 | I15: 400 | J15: Tikoe
A16: 15 | B16: FDI | C16: Leo Garments | D16: Garments | E16: Expansion | F16: Completed | G16: China | H16: 1000 | I16: 200 | J16: Tikoe
A17: 16 | B17: FDI | C17: Booming Lai | D17: Garments | E17: Expansion | F17: Completed | G17: China | H17: 2000 | I17: 600 | J17: Tikoe
A18: 17 | B18: FDI | C18: Sail Start | D18: Garments | E18: New | F18: Implementation | G18: South Africa | H18: 3000 | I18: 500 | J18: Tikoe
A19: 18 | B19: FDI | C19: Joans Enterprise | D19: Garments | E19: Expansion | F19: Implementation | G19: South Africa | H19: 10000 | I19: 1000 | J19: Tikoe
A20: 19 | B20: FDI | C20: Lesotho Hanma Clothing Co. Ltd(Jiama) | D20: Garments | E20: New | F20: Appraisal | G20: China | H20: 7000 | I20: 1000 | J20: Tikoe
A21: 20 | B21: FDI | C21: Blaze Leather | D21: Leather Bags | E21: New | F21: Negotiation | G21: South Africa | H21: 5000 | I21: 2000 | J21: Belo
A22: 21 | B22: FDI | C22: Quand Link | D22: Apparel | E22: New | F22: Appraisal | G22: South Africa | H22: 3000 | I22: 400 | J22: Tikoe
A23: 22 | B23: FDI&DI | C23: Cannabis Oil Lesotho | D23: Agric & Agro Processing | E23: New | F23: Completed | G23: Macedonia | H23: 2000 | I23: 500 | J23: Masianokeng
A24: 23 | B24: FDI | C24: Trinity Clothing Manufacturing | D24: Garments | E24: New | F24: Appraisal | G24: South Africa | H24: 1000 | I24: 250 | J24: Maputsoe
... A27: 26 | B27: FDI | C27: Khan & Min Trading | D27: Garments | E27: New | F27: Appraisal | G27: South Africa | H27: 1000 | I27: 100 | J27: Maputsoe
A28: 27 | B28: FDI | C28: Abroad | D28: Garments | E28: New | F28: Implementation | G28: South Africa | I28: 150 | J28: Maputsoe

Sheet DI
A1: NO | B1: Origin (FDI/DI) | C1: Company Name | D1: Sector | E1: Lead Type | F1: Stage | G1: Origin | H1: Required/allocated factory size sqm | I1: Estimated employment at full capacity | J1: Target Estate
A2: 1 | B2: DI | C2: Pema Holdings | D2: Light manufacturing | E2: New | F2: Completed | G2: Lesotho | H2: 1000 | I2: 50 | J2: Maseru
A3: 2 | B3: DI | C3: Royalty Alunimium (Pty) Ltd | D3: Light manufacturing | E3: New | F3: Completed | G3: Lesotho | H3: 3000 | I3: 400 | J3: Thetsane
A4: 3 | B4: DI | C4: Mountain Kingdom Drops | D4: Water Bottling | E4: New | F4: Appraisal | G4: Lesotho | H4: 500 | I4: 27 | J4: Tikoe
A5: 4 | B5: DI | C5: MG commodities | D5: Agro Processing | E5: Expansion | F5: Completed | G5: Lesotho | H5: 1000 | I5: 80 | J5: Tikoe
A6: 5 | B6: DI | C6: Cosmetics Hub | D6: Agro Processing | E6: New | F6: Negotiation | G6: Lesotho | H6: 500 | I6: 100 | J6: Tikoe
A7: 6 | B7: DI | C7: Spices & Herbs Hub | D7: Agro Processing | E7: New | F7: Negotiation | G7: Lesotho | H7: 500 | I7: 100 | J7: Tikoe

Sheet Expansion
A1: NO | B1: Origin (FDI/DI) | C1: Company Name | D1: Sector | E1: Lead Type | F1: Stage | G1: Origin | H1: Required/allocated factory size sqm | I1: Estimated employment at full capacity | J1: Target Estate
A2: 1 | B2: FDI | C2: Jonsson Workwear - Project Lesedi | D2: Garments | E2: Expansion | F2: Negotiation | G2: South Africa | H2: 30000 | I2: 1000 | J2: Maputsoe
A3: 3 | B3: FDI | C3: Adient | D3: Automotive | E3: Expansion | F3: Completed | G3: South Africa | H3: 3000 | I3: 400 | J3: Tikoe
A4: 4 | B4: FDI | C4: Basotho Leisure Wear/ TradeLink | D4: Garments | E4: Expansion | F4: Completed | G4: South Africa | H4: 10000 | I4: 1200 | J4: Belo
A5: 5 | B5: FDI | C5: Liberation clothing | D5: Garments | E5: Expansion | F5: Negotiation | G5: South Africa | H5: 2000 | I5: 350 | J5: Tikoe
A6: 7 | B6: FDI | C6: Lucky Manufacturing Expansion | D6: Garments | E6: Expansion | F6: Completed | G6: China | H6: 2000 | I6: 400 | J6: Tikoe
A7: 8 | B7: FDI | C7: Leo Garments | D7: Garments | E7: Expansion | F7: Completed | G7: China | H7: 1000 | I7: 200 | J7: Tikoe
A8: 9 | B8: FDI | C8: Booming Lai | D8: Garments | E8: Expansion | F8: Completed | G8: China | H8: 2000 | I8: 600 | J8: Tikoe
A9: 10 | B9: FDI | C9: SailStart | D9: Garments | E9: Expansion | F9: Negotiation | G9: South Africa | H9: 6000 | I9: 1500 | J9: Belo
B10: FDI | C10: Crabtree Lesotho (Pty) Ltd | D10: Electrical components | E10: Expansion | F10: Implementation | G10: England | H10: 1000 | I10: 150 | J10: Maseru Industrial
A11: Total | I11: 5800
A14: Country | B14: No.
A15: South Africa | B15: 5
A16: China | B16: 3
A17: England | B17: 1
A18: Lesotho | B18: 1

Sheet Implementation
A1: NO | B1: Origin (FDI/DI) | C1: Company Name | D1: Sector | E1: Lead Type | F1: Stage | G1: Origin | H1: Required/allocated factory size sqm | I1: Estimated employment at full capacity | J1: Target Estate
A2: 2 | B2: FDI | C2: Sail Start | D2: Garments | E2: New | F2: Implementation | G2: South Africa | H2: 3000 | I2: 500 | J2: Tikoe
A3: 3 | B3: FDI | C3: Joans Enterprise | D3: Garments | E3: Expansion | F3: Implementation | G3: South Africa | H3: 10000 | I3: 1000 | J3: Nyenye
A4: 5 | B4: FDI | C4: Sail Start Expansion | D4: Printing | E4: Expansion | F4: Implementation | G4: South Africa | H4: 500 | I4: 150 | J4: Tikoe
A5: 6 | B5: FDI | C5: Abroad | D5: Garments | E5: New | F5: Implementation | G5: South Africa | I5: 150 | J5: Maputose

Sheet Hot prospects
A1: NO | B1: Origin (FDI/DI) | C1: Company Name | D1: Sector | E1: Lead Type | F1: Stage | G1: Origin | H1: Province | I1: Required/allocated factory size sqm | J1: Initial Employment (Q1) | K1: Q2 | L1: Q3 | M1: Q4 | N1: Estimated employment at full capacity | O1: Target Estate | P1: AllocatedSpace | Q1: Strategic Nature
A2: 1 | B2: FDI | C2: Basotho Leisure Wear/ TradeLink | D2: Garments | E2: Expansion | F2: Completed | G2: South Africa | H2: East London | I2: 10000 | J2: 300 | N2: 1200 | O2: Belo | P2: Belo | Q2: Diversification
A3: 2 | B3: FDI | C3: Lesotho Hanma Clothing Co. Ltd(Jiama) | D3: Garments | E3: New | F3: Appraisal | G3: China(Madagascar) | H3: China(Madagascar) | I3: 7000 | J3: 300 | K3: 700 | N3: 1000 | O3: Tikoe | P3: Shining Century(Crabtree) | Q3: Employment
A4: 4 | B4: FDI | C4: Booming Lai | D4: Garments | E4: Expansion | F4: Completed | G4: China | H4: China | I4: 2000 | J4: 120 | K4: 250 | L4: 450 | M4: 600 | N4: 600 | O4: Tikoe | P4: Thetsane(Leadsun) | Q4: Employment
A5: 5 | B5: FDI | C5: QuandLink | D5: Apparel | E5: New | F5: Appraisal | G5: South Africa | H5: Kwazulu-Natal | I5: 3000 | N5: 400 | O5: Tikoe | P5: MacroSource | Q5: Employment
A6: 6 | B6: FDI | C6: Lucky Manufacturing | D6: Garments | E6: Expansion | F6: Completed | G6: China | H6: China | I6: 2000 | J6: 120 | K6: 250 | L6: 350 | M6: 400 | N6: 400 | O6: Tikoe | P6: Own Build(Tikoe)/Seshoeshoe | Q6: Employment
A7: 7 | B7: FDI | C7: Liberation clothing | D7: Garments | E7: Expansion | F7: Negotiation | G7: South Africa | H7: East London | I7: 2000 | J7: 100 | K7: 200 | L7: 300 | N7: 350 | O7: Tikoe | P7: Tikoe | Q7: Employment
A8: 8 | B8: FDI | C8: Unity T/A Headwear24 | D8: Garments | E8: New | F8: Completed | G8: RSA | H8: Kwazulu-Natal | I8: 3000 | N8: 300 | O8: Tikoe | P8: Tikoe | Q8: Employment
A9: 9 | B9: FDI | C9: Leo Garments | D9: Garments | E9: Expansion | F9: Completed | G9: China | H9: China | I9: 1000 | J9: 100 | K9: 150 | L9: 200 | N9: 200 | O9: Tikoe | P9: Own Build(Tikoe) | Q9: Employment
A10: 10 | B10: FDI | C10: Crabtree Lesotho (Pty) Ltd | D10: Electrical components | E10: Expansion | F10: Negotiation | G10: England | H10: PE | I10: 1000 | J10: 50 | K10: 100 | L10: 150 | N10: 150 | O10: Belo | P10: Maseru | Q10: Diversification
A11: 14 | B11: FDI | C11: ROVD Lesotho (Pty) Ltd | D11: Automotive | E11: New | F11: Completed | G11: South Africa | H11: PE | I11: 2000 | J11: 70 | N11: 70 | O11: Tikoe | P11: Tikoe | Q11: Diversification
A12: 15 | B12: DI | C12: Pema Holdings | D12: Light manufacturing | E12: New | F12: Completed | G12: Lesotho | H12: Maseru | I12: 1000 | J12: 50 | N12: 50 | O12: Maseru | P12: Monfoods | Q12: Diversification
A13: 16 | B13: FDI&DI | C13: Cannabis Oil Lesotho | D13: Agric & Agro Processing | E13: New | F13: Completed | G13: Macedonia | H13: Macedonia | I13: 2000 | J13: 100 | K13: 100 | L13: 200 | M13: 100 | N13: 500 | O13: Masianokeng Cannery | P13: Masianokeng | Q13: Diversification
A14: 17 | B14: FDI | C14: Trinity Clothing Manufacturing | D14: Garments | E14: New | F14: Appraisal | G14: South Africa | H14: Kwazulu-Natal | I14: 3000 | J14: 250 | K14: 50 | L14: 50 | M14: 150 | N14: 250 | O14: Maputsoe | P14: Maputsoe | Q14: Employment
A15: 18 | B15: FDI | C15: QBO Trading | D15: Garments | E15: New | F15: Appraisal | G15: South Africa | H15: Kwazulu-Natal | I15: 3000 | J15: 1000 | K15: 200 | L15: 500 | M15: 250 | N15: 1000 | O15: Maseru
A16: 19 | B16: FDI | C16: Vine Apparel | D16: Garments | E16: New | F16: Appraisal | G16: South Africa | H16: Kwazulu-Natal | I16: 1000 | J16: 100 | K16: 50 | L16: 50 | N16: 100 | O16: Maputsoe
A17: 20 | B17: FDI | C17: Khan & Min Trading | D17: Garments | E17: New | F17: Appraisal | G17: South Africa | H17: Kwazulu-Natal | I17: 1000 | J17: 100 | K17: 50 | L17: 50 | N17: 100 | O17: Maputsoe
A18: Total | N18: 6670
